836,campier,5981,streamlined,volcanic,2801,forgetting,bullfighters,unmodified,394
Leningrad,Troy,20,nervelessly,paddock,3167,delusive,breathiest,780,4568
8434,2085,7731,3752,tangy,Shcharansky,1060,prepaying,1697,offend
particles,8656,9853,planed,taxpayers,lexicographer,6525,jiggers,7603,4135
encapsulation,attend,475,shroud,thralled,sawed,roping,1559,1410,sterilized
666,Dominica,3456,1764,wader,Hitlers,3165,4885,strength,6372
5729,7193,vulnerability,overweening,browse,7345,Omsk,25,7401,1691
1911,9597,9859,6345,nexus,connives,Pacino,7220,8602,8433
3981,9461,coccyges,elevator,5803,hussars,7805,spear,transcendentalism,Procrustean
jigs,1141,7782,5364,1601,6542,cobalt,9373,4642,4811
6469,prioritizing,3341,250,5169,4601,8113,wake,4896,6271
virtue,faceted,9670,593,5038,8143,educating,recapitulate,4170,Ahab
Anderson,tour,9802,9674,Dustbuster,7391,discomposure,slinkier,8296,8550
742,hinting,4052,slipped,enclave,fervor,9989,5239,unwinds,5048
4949,4297,4900,4048,8006,8287,loped,7999,diurnally,7338
7063,soldiered,gunnysacks,watchtowers,2236,3969,6063,philosophy,Stuttgart,Lon
7737,4004,7360,210,docilely,8901,5829,saucepan,4220,7535
9658,5081,7268,strobes,7951,1891,overplayed,burlesques,955,9621
7191,jerkiest,ululates,4428,380,inflammatory,6748,9163,2069,9678
7955,5384,tithes,359,schmalzy,unrelenting,Matthew,6307,6380,prejudicing
9135,7106,5294,plectrum,experience,3765,delicacy,tabulate,6721,1510
intransigent,potteries,vizor,3234,8059,prominence,5665,750,altruists,cowhide
6320,404,Rembrandt,3007,3506,folio,sensuous,3439,crowing,3257
495,4660,2104,encyclical,recouping,1218,8504,4856,8168,6042
1058,9490,1118,1324,daffy,7676,sash,4174,looking,diaphanous
1765,1573,passbook,2592,259,354,9718,convenes,6148,6656
2766,Purims,5516,8733,8038,6993,4917,3561,6654,7170
ginned,7374,3841,3871,85,doting,2952,ankle,7242,4567
variables,Caracalla,9003,9890,7424,3923,restaurants,bullfinch,input,Madagascar
7097,823,9171,drowsing,5451,2892,2627,4934,9826,8995
8143,9602,unabridged,8599,6846,Kiev,aquariums,7126,1151,2186
Shenandoah,5880,8859,9924,Shylock,8327,6008,9698,endows,misuse
7099,2247,Utopia,holsters,liquefy,8143,1544,219,8398,1195
ceremonious,8930,gesticulate,1061,scorches,9992,Maoris,3284,Oswald,petting
3584,Gagarin,8543,obstetrics,9231,entitling,mingling,5155,diabolical,9541
studious,piquancy,lacuna,unimplemented,goosing,587,harry,serviettes,651,cobalt
7636,banish,1692,18,7991,7246,intuitive,935,6817,commingling
liker,7613,9519,obelisks,6083,1623,935,3639,1076,1684
3803,9022,2535,7896,2055,presenter,declivity,8318,8172,bragging
gaged,Rhenish,1164,7941,contrition,8127,137,5179,earshot,5648
972,2471,6259,diaries,curdle,mealier,8118,cudgel,wattles,1750
6417,1886,inconceivably,tarnished,4686,7720,9350,outnumbered,Warren,dilemma
Brownian,5244,1857,8502,6527,9918,4183,1645,shortfall,6599
2813,828,header,8664,1240,celestas,6485,8169,delectation,sublimely
8694,1344,6170,unrealistic,pallets,4277,5795,unregulated,eccentricity,9889
2551,1258,9889,9457,3772,Ezra,8687,5053,surfaces,8191
1781,9717,strollers,36,4457,4426,2143,species,massacred,4794
7265,cashiering,3010,buffer,practitioner,jihadists,1808,defogger,1020,3007
7866,sugaring,shiitake,1789,catalyze,494,flagpole,1548,625,4402
whirring,390,2244,McClellan,8938,5838,1720,6212,7358,lounged
8125,2268,5250,compared,appalls,7757,northeast,9552,gibberish,6688
2145,quarter,regents,Newsweek,macrocosm,6509,5822,headline,9356,4596
findings,6575,8438,3456,5966,4774,carpus,9327,epoxyed,spools
6255,workmanlike,diesels,brooking,8692,4660,650,6799,5144,rumbles
pillage,9128,thwarted,1001,4650,984,6153,9627,1669,2019
remarkable,7046,sallowest,unkindliest,3889,revokable,8955,3820,6836,574
6803,3800,joker,803,1265,3031,616,rancor,1604,7086
accommodating,1051,7704,7550,echos,5816,786,6959,480,6837
8019,statically,falsettos,149,9943,7416,3557,overlord,5366,overdosed
6541,sharkskin,1223,cooky,scuzzy,3606,Mathewson,507,soapiest,2959
5480,8729,4916,4380,missing,5941,8858,9774,4700,Bukharin
manicured,9864,7587,8100,1467,6992,1424,influx,7458,4699
9521,mackinaws,daffiest,6756,7676,9846,moppet,2718,Edward,951
7269,intrust,7759,Adkins,6234,1690,wallop,integral,pestilences,4011
fanning,Hennessy,5962,clutching,4735,fornication,congaed,tailor,9813,tureens
482,foxhound,agreeably,wordplay,105,gusted,3372,spoonbill,7307,Brahmas
inclined,8102,8064,crookeder,841,amplifier,4331,5408,fiftieths,8857
2772,3992,thousand,ceasing,3402,on,2956,9675,7203,899
5808,5355,6348,8182,5154,8837,7225,heavens,9096,6803
fuzzy,bedspreads,5580,8002,9920,6324,trouts,9109,wilful,saltcellars
6064,2789,3481,erode,6362,getaways,chant,8121,3949,embalmer
smuggler,gateposts,sensually,2150,7689,scandal,3746,Burgess,576,7280
minuses,attendance,289,4949,encroachments,digitization,Irishmen,2754,decamped,1291
6258,Remarque,Ebeneezer,4930,244,3245,7184,267,9697,alphas
7610,titters,3498,gleaming,Burl,rowdiest,7923,Corteses,Leila,smirches
dairymaids,1809,adapted,3979,2370,thirtieths,621,detection,8187,5796
architects,misjudge,deaden,4787,fastens,evasively,aweigh,2543,5036,6982
Tutsi,746,3519,Mead,5017,1112,remands,disassemble,March,9607
insurgents,drier,3090,793,5817,discomfited,polygamous,3827,Wuhan,3800
9619,Hertz,4237,333,3856,8078,9478,2329,gargle,6864
nonplussing,aptest,outsmarting,queue,acclamation,turves,9668,sacristan,devolved,saffrons
laxest,2112,3740,videodiscs,8779,395,1987,mastheads,association,Liza
8177,Bowers,9532,Iphigenia,1459,1997,2210,4370,acclimatization,limpet
coevals,4183,yelps,stockiest,2518,1918,dork,4263,Lane,2615
4542,owl,Protestantisms,937,execrate,cums,5351,5164,7279,9794
2224,understands,snatched,Bullock,5915,9212,dissections,3021,9612,7125
1213,licensed,9657,loosing,6562,1691,slaughtering,headmasters,3568,sallowest
wiles,6338,4687,8837,misery,recriminations,Mildred,7212,overshadow,8487
5024,monogramming,nectarines,5512,1594,3233,3902,grouchy,sabbaticals,4713
3732,3653,booksellers,2337,4021,3,2304,ripsaws,sultry,lapel
3456,codependency,jealousies,cropped,serendipity,8752,aerobatics,710,8971,sanitarium
6819,6267,reappoint,washroom,8527,handball,tendrils,3954,9153,5214
961,9972,Kepler,2922,7732,2223,6946,acanthuses,8387,bluffing
4834,recollects,perpetrates,psychs,maligning,3037,yens,1146,retrod,8009
jeweling,2072,generals,ayatollah,3189,5139,gazetted,5550,Neil,stuttered
3048,prematurely,capers,9669,kneaded,6761,1608,7617,9798,1654
geographically,Lancaster,mental,clappers,8104,5856,5214,Craft,prostituting,sunblock
5900,6784,dislocates,2827,2789,9513,2789,9735,poising,wisecrack
lexicographers,wham,monetize,6623,6401,Maisie,semitrailer,transliterated,4692,tilts
2283,2068,2551,7463,burliest,1056,outbreaks,bowdlerizes,3445,8314
8456,3147,centrist,4876,transferal,4149,overestimate,2680,5823,quieter
350,4419,9075,2385,182,loathsome,321,7183,reason,2980
8534,cooped,1190,3149,plumbing,van,5616,Chandrasekhar,4328,2301
bedazzle,3394,321,2060,1657,7728,malarkey,parcel,rendezvouses,1248
particularized,footloose,Hobbs,6942,7011,pleat,257,windowed,polonium,514
rekindle,apprenticed,leavening,affected,1397,2372,9491,9166,stack,4516
421,6441,unsteadier,snout,infatuations,unspoilt,9448,smugness,3987,dirigible
3282,723,cleans,9617,2201,cuisine,baptists,8864,5546,4061
provocations,halving,unions,7390,pone,cloths,4704,8007,8326,Diana
pirating,misdo,7298,5290,9087,1213,torpedoes,exaggerating,7737,7896
2488,thinker,237,1567,9315,4473,2717,7139,photocopied,returning
nosedived,wingspreads,477,wardrobe,7553,304,1645,4063,1421,Hyades
2882,6674,8998,6000,1092,pros,3110,6105,6129,1735
Hayes,plainclothes,convertor,5965,universal,Mariana,3124,413,pyramidal,6301
8532,euro,licentious,garrisoning,5552,7980,encroach,airdropped,8522,2766
8123,fecundity,Clifford,overactive,2141,baking,9632,9330,9530,pones
pirate,medulla,defoggers,4831,4508,6545,7706,neocons,staged,circumlocutions
5618,ripping,6073,3934,1130,4556,8730,Hong,bikes,Ballard
4725,6421,9972,1728,6712,3764,flunky,2658,9686,devolving
3592,Archie,6336,raccoons,presuppose,saris,6531,whammed,9072,addressing
stinks,promisingly,808,Sensurround,6835,4640,7412,manning,6921,4828
eye,8966,soybean,Cathleen,5478,4556,4750,6078,hacked,Torvalds
8580,Donnell,ungulates,6320,gearbox,thorough,6199,4143,1685,hi
6836,2550,pees,140,1918,birthstone,9141,1404,6881,suspenseful
4133,comprehensives,5275,2317,4806,cleric,optical,3645,Ehrlich,3629
vagabond,Lupercalia,9953,merriest,2651,5330,5654,622,teared,4193
7010,dittoed,chaffs,3524,3492,818,5762,doorknob,4518,1651
6226,snapper,lugubriously,3993,4412,8048,5954,918,briefings,6668
perplexed,9884,7145,truanted,3869,Jay,3258,2144,1416,8284
tackler,1649,6559,2963,unfit,solicitude,9333,dieters,6745,forceful
2093,authoritativeness,5523,2622,superscript,2622,ecru,Delilah,Connie,luridness
dominions,prepped,accessibly,785,8647,6353,9767,lobs,8914,2506
2667,2194,2513,4207,pinioned,7533,acted,1249,seabeds,Lorie
1162,whimpering,haggling,cane,cinched,6953,5700,9281,1158,3142
7054,3026,marketable,2880,sander,murders,5991,1045,dibbled,7767
macrobiotic,journeyman,8250,2430,certificating,4800,6180,abutment,2953,6320
1005,179,splittings,warfare,reps,3808,5573,5035,soundness,9743
5647,8034,6289,155,Porrima,evangelized,corneal,2375,6752,conferment
1884,sensationalists,newbies,weightlifters,1413,7185,6552,6579,3043,peafowls
8913,4010,localizes,mallow,intuitions,covens,5966,backdates,jingles,5015
curtest,peaks,dependents,decisively,3790,8433,821,3385,9813,compartmentalizing
8273,6597,1371,beechnut,outwitted,8631,9919,hereafter,3308,9907
7767,4996,freehold,6777,6137,7759,thrashes,3702,9464,peep
preconception,7532,misidentify,8686,5702,8630,6422,indulging,8090,8072
compactors,6730,5912,5934,continuations,9289,briefed,3564,Manx,stones
5222,3003,8612,subteen,twirlers,expendable,gram,kindergartens,symbolize,Brenton
6291,spoilt,unravelled,noticeboards,1781,6788,possessive,pallet,twin,hallucinogenic
2361,6709,Sicilian,9269,221,5956,recantation,limper,4007,9774
mini,limitation,2853,antitoxin,457,evangelism,scabbiest,hippo,1196,shaman
1316,3416,Ilyushin,8310,limber,1501,5180,7282,5277,divulged
272,791,odometers,piebald,1618,7756,steadily,7532,7486,3292
8688,whittler,4114,4943,4347,4404,7821,granddad,8150,9850
radiantly,Colombian,3749,tailspins,9456,Bulganin,hardship,7347,7708,Latisha
6510,415,4198,7279,2037,elocutionist,regaled,6997,potboiler,transforms
monsters,1513,8829,petitioning,9968,5395,centralizes,resembles,1109,8186
1245,6867,temperas,interurban,6042,vocally,4507,schoolbooks,2312,1330
9233,roots,disbelieves,perpetrate,compresses,3420,1241,irritation,firefighting,9661
1907,dipsomaniac,7694,treadmills,marvelling,8803,1019,bedazzles,Abraham,9469
exhort,5813,Dillon,carefree,1602,Ursuline,gamecocks,2570,9535,trailblazer
rinsing,bases,humanoids,6629,weeper,2659,4874,pederasts,6899,enriches
9438,3664,9202,4842,8127,vaporizers,8182,unmade,vulcanized,rearmament
54,8975,2717,interfaced,9237,Subaru,congressmen,crammed,Zionist,3288
attests,rarely,4624,injunctions,judo,1561,adventurously,ibexes,841,hoodlum
gratify,1601,methodologies,discerns,2386,harbors,2153,472,7701,2541
7580,7695,photos,5588,antidepressants,69,931,5629,9033,averts
coalesces,870,5323,9243,4110,4351,Aeneid,1130,histrionics,bony
7821,8511,2413,9437,hypo,5231,3261,espressos,9245,dacha
familiarization,skips,5397,molt,adornments,9478,59,3985,6978,2304
3163,5585,275,759,baccalaureates,4522,headhunters,interactively,4504,8546
8172,3911,114,2639,Sutherland,Intel,47,solvent,skippers,9541
4851,5459,misinform,8029,6339,9319,2600,snugger,122,4146
savored,2367,2709,cornmeal,woollies,1101,1377,inquisition,grandsons,solidifying
sprung,2953,tote,7248,Parkersburg,unconcernedly,7906,170,3375,9749
6408,powerboat,nitrating,9509,erupts,8256,4683,dwelling,kaleidoscope,9434
buttons,phallic,Glass,crude,youngsters,Titian,prevented,Blackburn,2227,7470
trinities,748,calisthenic,4511,smith,2588,4341,deflecting,7617,disbands
corridor,blacked,4302,5589,9059,foreordains,Wilda,9759,brisket,536
9175,5161,5055,pertaining,spotting,Mosley,682,7104,7720,7983
6763,telegrams,unlatches,seeking,extolls,1899,drying,maceration,648,9857
bowdlerized,primates,selectmen,3533,8079,invaded,lurked,ligature,hatch,carboys
maximization,hybridize,imitator,contradicting,6557,paraphernalia,9457,despairing,its,1464
suppose,mandarin,8533,quadruped,Janet,9020,7169,postponement,roughening,8392
munitions,Kuwaitis,7462,5533,8077,imaginations,9125,airsick,938,5070
sophisticate,6765,9373,viscountesses,9293,glories,papaya,4815,5425,9589
3138,sailcloth,lids,panegyrics,6540,freezing,telephony,Scorsese,3719,9760
8208,3164,239,bins,9698,unassigned,potters,6426,2633,9432
beaker,4372,6731,1941,fourteenth,salutations,1193,aspirated,4337,rhododendrons
2505,3394,7955,melancholy,diking,4129,6717,swattered,wraparound,2217
automobile,9593,muddiest,5630,3492,snafus,delegates,built,retroactively,wades
8633,Hakluyt,4717,2142,5673,1737,Nathans,Gino,eh,1308
9317,charbroiled,embellishes,Enron,electroencephalographs,spectacular,9159,Nabokov,ballasting,keeps
9766,5995,3311,6800,absorbing,9378,7194,5853,7445,swallowtail
7318,chips,1969,multimedia,1974,3865,9978,cakes,Astana,decomposed
8633,conclave,lipreads,53,4688,7179,Nevadan,5891,winteriest,1791
barb,2824,9407,9434,7475,2568,9850,majesties,impressed,guarantying
6253,statements,5211,9386,4470,9787,swampiest,3208,minks,Suriname
8767,9657,1142,shortstop,3757,transepts,1869,8151,forgave,threatened
Zoroaster,fuzing,acrylics,irately,5316,2413,4891,5877,desists,2562
tern,1000,Slav,4712,clergyman,delimiters,chessboards,3912,9662,2708
epilepsy,8341,4731,6854,Jonathan,opticians,2435,steamships,9350,9780
Constantine,unsuspected,shaker,2695,7635,ebbs,Hastings,slipknots,starker,1760
6868,270,7144,6556,1542,group,dryness,549,7594,scientist
2118,947,6393,musculature,5411,satirize,2121,6448,aviary,9674
poisonings,bowlegged,1359,6429,2701,1356,943,churchgoers,3605,debits
9977,9766,4791,9125,3222,unemployable,5912,bothers,significance,7905
1674,cloches,9615,teleconferenced,lynx,6763,6173,5525,wassail,4699
6236,amuses,3569,8107,9257,stenographer,1137,9047,caldrons,2669
contending,425,1142,industrializing,1609,5815,7709,5312,8040,7889
shepherding,bridled,7001,selectivity,redone,6259,5551,deaconesses,5471,parachuted
2562,6208,5713,2847,gender,9436,oozes,6318,7429,fidelity
8003,smashed,6312,romanticism,504,uprising,5107,installment,7697,9498
7878,gripped,6034,9664,disastrous,920,2455,appreciation,407,2051
2709,9554,4587,1150,4667,6754,disclaims,Maupassant,4844,reproofed
2573,4465,dots,6846,4712,hootch,filibustering,batsman,5221,messiness
superconductor,4677,4870,6728,1530,2374,555,anklet,skinhead,Iroquoian
101,vignetting,faeces,507,7917,3835,ruthlessness,roadhouses,creamiest,7846
7879,2992,unerringly,8636,3270,3248,374,7869,4773,707
5590,1348,plumbers,hulls,6261,8254,legato,sensitive,cleanser,7581
4416,tee,3788,1126,oral,522,oldest,3731,1364,9657
2541,cornflower,3996,6528,Manila,5072,9115,3165,7029,slicers
1636,9427,999,waders,redheaded,Eloy,4360,shirr,8724,scroll
833,9298,9699,1841,pompous,9202,straights,6580,antagonisms,loafers
1882,Biggles,postbox,2488,4379,6198,Koestler,2777,818,solemnizes
8838,1783,161,2723,8759,4562,murkiest,7630,5941,8890
7139,7942,8638,8868,1524,5741,1217,8112,knew,4659
Ionic,incoherent,codifies,9882,2496,9990,6942,2203,Hockney,21
pompadours,4011,176,dislocation,condensations,8070,baptizes,587,8951,4878
1980,cancelled,4142,mudslide,Arafat,aortae,whoops,6611,7709,7206
202,misdeal,retrials,3529,householders,scuba,leftie,9087,tracheas,5501
1873,mystical,4106,mains,9006,chutes,gels,8769,potter,2021
1391,5936,2387,yodel,9578,2384,3267,2333,3702,9717
4048,noodling,6143,bookcases,4352,2014,7856,9681,spinach,tenderest
periodic,agronomy,6597,Palmolive,808,propositions,Birkenstock,firmament,abusiveness,frame
5707,1133,Yellowknife,7014,9862,5,4818,4161,4252,flab
anthology,1546,droopier,burns,squelch,nonseasonal,572,1678,227,cerulean
Seyfert,reforestation,televangelist,Oregonian,1175,appendages,8177,276,2856,5515
9600,giantess,redone,5326,advises,136,8254,8392,lofty,8685
3323,2955,9072,juxtaposes,Pasquale,tycoons,4720,4618,760,4515
2292,topographer,6574,proves,4742,sturgeons,7738,5753,9681,1079
females,4501,5930,9724,confronted,Yiddish,8124,5511,allures,2689
2324,platters,8059,2444,3007,gammas,Baptiste,9228,8296,disbar
shying,3403,1061,wishers,wolfhounds,sleepwalker,tiptoed,securer,trillion,1959
divined,faint,Friedman,1294,Alabaman,arbiters,1953,3572,Zimmerman,6934
semiconscious,1888,4492,633,Asia,goldsmith,1542,5605,3029,5209
fled,lollygagged,5598,murderess,6981,9003,5124,sturgeons,9370,9017
7200,5254,9163,7969,1683,7567,papal,linchpins,1369,782
8707,root,8574,underdog,Niebuhr,Hanukkah,critiqued,hearsay,3163,8422
bankrolled,8706,sniggers,2128,salivation,9153,5794,6524,maypole,caterer
6514,screenshots,bringing,9505,448,6314,1058,9617,5568,2740
5872,7415,201,disembarks,4252,9820,reproduced,hashes,2847,extortionate
1275,9926,4165,insensibly,6900,4183,idler,9710,9847,3361
portable,4966,Kankakee,logician,evocations,bristle,3825,Inge,9530,6198
8868,prophylactics,manse,7343,2625,9534,tumbrels,8000,Shelia,6320
retyping,1664,7258,buds,1006,7809,7006,5913,trike,coasted
speediest,3847,9821,5205,tactile,refuel,2208,immunizing,Dare,sulphurs
sleekly,empowers,6150,cautiously,Randal,6733,5061,gipsies,snuffers,4626
fireballs,counterfeited,8222,2058,2528,Serbia,isolated,6490,anatomies,engineering
tenability,affected,2002,7038,flips,9829,3447,6540,unfeasible,brig
8863,1375,unbearable,statues,detonating,Marguerite,3762,1195,contained,1957
4038,festoons,3902,6510,lawyer,9741,2679,2112,8039,aggregating
2675,1397,4873,1219,2918,amazon,7529,9702,1217,inextinguishable
6916,crafts,4655,formatted,3602,2926,2867,mongrel,1231,1296
soviet,1441,3143,overpopulates,huffily,loudest,3475,1511,7800,transepts
colloquialism,introspection,8748,6083,6979,spinals,arch,5097,validates,inhalation
9226,uninstalls,1696,returnee,mullions,Rex,9304,5268,acclimate,catholic
6742,152,veneering,7456,gapes,8976,pranksters,tranquilest,sensitizing,subculture
pediatrician,2054,sublimer,Brenda,redistributor,unscrupulously,6738,1881,6732,2508
2000,8340,3145,1993,9344,4423,6037,8133,referring,8351
hash,8032,toppled,noodled,negotiated,disablement,9648,hits,motlier,8580
8862,5906,3528,unquestioningly,1160,2551,5428,509,5537,6005
7388,loge,8131,7686,invulnerability,swaggered,2709,4013,stand,clarinetists
peritoneum,5151,hostlers,1005,6475,6888,7032,90,8750,caseload
rimes,678,2727,7906,recite,5416,5586,448,4930,9480
bastard,1111,distend,8068,tragically,mechanized,9315,7969,7154,3703
1224,6447,7196,Houma,tourist,7548,calcifies,9268,1314,8935
Rwandan,8503,bonding,540,2883,Carey,intensifier,meows,9883,5129
5079,142,6267,8258,9732,elbow,Tripitaka,3716,1668,77
dormer,1685,pocketknives,Rhine,4733,tourism,1769,9522,228,8799
cleverly,5301,Somalia,mobile,bewitches,7,glitches,5397,7892,678
4768,95,fulling,2166,divinity,9794,5160,oversight,thermally,specials
transmigrate,7907,1745,Upton,dodders,4285,1857,3544,2779,observes
smacked,influence,393,skedaddle,1729,6030,3122,almost,2706,6387
droves,Whigs,4305,1242,2748,8928,8401,Carlos,4010,1194
2464,4920,305,hemming,2853,leakier,1514,5861,2383,6159
5558,1283,Pyrexes,girds,hole,8607,2788,4799,appetizingly,8887
Estrada,cuticles,532,greenness,4580,8382,gentian,1611,4763,1399
6305,5565,7283,8320,6164,2089,9132,6286,4784,7032
1358,desiring,210,ambassadorship,5996,988,6675,gate,Olympia,hypotenuse
4999,6829,2352,8059,2918,6923,friendless,8548,2358,3950
5342,4847,sandwich,9073,5194,2003,941,acceptable,artifact,fashionably
4464,8989,5459,1460,7459,hyphenate,temping,3601,1806,Whitley
2377,5253,744,8418,Whigs,5340,5796,1392,perusing,759
804,routines,6762,1200,muleteers,137,730,5841,Ware,693
3037,7516,3063,5015,sportscast,cs,chit,conference,abdomens,615
3101,percolates,cringe,3778,4324,geometric,3079,unspeakably,mandated,Margo
careen,Manuel,3960,ingraining,mediators,buckteeth,Latonya,8335,jiffy,6180
smuggler,Polanski,8820,367,3011,harvest,archbishopric,820,7497,Percheron
bronchitis,8952,3876,distortion,4319,Obadiah,9835,3511,3895,4247
impending,2472,messieurs,rankest,6782,9141,schooled,insightful,Eurydice,exorcism
3585,974,1037,3633,Samoan,3930,4406,tweaked,effectuated,Stoic
4587,whiten,9472,continually,5168,3113,Aristophanes,9754,5883,grotto
8098,cosmic,malingerer,2035,653,bruskly,nightmares,outlasts,6968,8364
6339,9115,5270,7124,mousses,6759,4945,forbidding,7961,8394
9722,8884,1575,hove,7936,5942,9505,hurricane,549,2583
7266,disenchant,4564,5484,9951,2658,stumpiest,biochemical,7059,2980
9514,9586,4443,8561,pounding,1500,6992,1420,8677,sidestroking
instilled,ascent,darned,rechecked,1025,9750,4317,170,diagnose,2284
emailed,3651,3778,7882,aliasing,alias,2957,4721,5104,5470
unmistakable,veldt,6337,louses,1821,weight,6496,pancreatic,5873,sadistic
taut,882,beggarly,Fanny,3219,plenitudes,Dorthy,6545,6746,7552
368,brandies,926,1714,5764,residing,Metternich,yeshivahs,5071,moll
7810,3639,746,Rosie,calabashes,8437,1742,Guadeloupe,702,mousey
connected,5717,grungiest,387,snored,frill,5087,Metternich,9803,fretted
2847,alarmist,impersonating,3052,3894,2689,7860,6260,2762,bind
Popocatepetl,disinclination,9659,7013,bawls,9078,5531,2256,countersunk,7273
coercing,sheathings,3487,superbest,666,7517,6383,6621,libretti,2659
3202,2171,spreed,convictions,silk,5206,shoo,4710,induction,betake
disrupts,unfurling,Lajos,gybed,1746,5626,4028,9888,1249,ducked
secured,gearshifts,feats,1779,4007,421,frighting,ruler,evangelistic,4124
cupful,2933,6453,latitudes,fullest,9809,gloamings,8219,8518,1279
proclaiming,pumping,Sondheim,3322,wither,5835,imprisoned,6924,8159,1456
3201,1415,reenact,feistiest,retrospective,porosity,9123,mismanagement,6886,5623
4719,Giles,6242,6518,proctored,fondness,2141,1079,7930,3063
monickers,shackle,2492,2123,490,5894,5718,starch,Mafioso,909
9753,8990,reins,103,2296,2446,strolling,1245,4070,5924
ornateness,shutdown,unhelpful,1362,980,tumbrels,7254,bandoleer,5637,outstripping
2827,2835,3376,7036,3679,3862,7501,ulcerated,perpendicular,7057
castings,harassed,3281,2538,7129,6884,governorship,4114,flummoxed,spectral
itchier,prisons,credulous,crochet,adoringly,blowtorch,crooned,2166,Rowe,transfers
9037,7742,2723,8722,998,5228,4572,crudity,2014,8431
3557,lifelong,crib,Jamaica,516,760,hitchhiking,7199,2384,3339
8177,3946,4394,1965,hatchways,9223,jocundly,599,benefactor,aggravated
1720,fattened,2289,barons,777,3607,promised,repeal,2084,keel
buoy,3949,9823,risible,mountaintops,6132,3199,7065,8720,4505
9226,4707,3584,6592,8164,Francois,5646,1957,8023,4575
1504,2407,4362,3625,transmitted,1218,8430,Saiph,9343,luxuries
consequential,blander,8606,feebleness,xylophone,prevention,3878,6751,gulps,Alembert
3991,speakeasies,2005,6275,4792,1760,symbols,1472,9068,1337
831,engender,753,4301,8449,ramrodding,9159,7953,2693,5387
1604,1196,3359,7213,4311,2014,1603,malicious,leakages,2880
brewery,skateboards,maintenance,Mingus,2603,mastectomy,plausibility,Bowditch,shell,withstands
Alabamian,3610,7569,643,6826,9839,9879,1889,asylums,2886
3707,7702,4970,6643,6413,6751,5703,7344,segregated,643
1317,3989,9177,5090,multiverse,hammerhead,1345,4905,527,3236
2202,debt,1163,sincere,1350,6367,holocausts,brakemen,9004,8122
5530,6800,1056,disorients,3878,134,3813,4511,5896,flakiest
watermarks,569,armrest,9960,2017,3637,scalper,7452,putties,Mississauga
Tarawa,hazarded,disqualified,269,griffin,7510,intimidates,1284,2574,Shevat
9637,boxcar,shuttle,rump,1290,immediacy,embarkations,Pauli,2368,3963
pullback,9535,doable,1678,6104,lawsuit,4899,voyage,9625,ceramics
9234,kudos,3200,9694,deviating,1910,5964,overcompensates,inhalations,tiebreaker
5111,Provo,4545,switchboards,blogging,479,sunburnt,2066,4006,654
7524,anesthetize,2028,8184,Erector,3472,5888,4374,subheadings,6615
unarmed,chevron,vindicate,takeovers,123,3448,digitizes,aeronautical,imperishable,divvying
8511,9807,7889,hellebore,6054,2681,3176,vibrato,7911,1341
9625,3402,along,5684,2569,4617,primmer,7238,1916,2855
8777,teachable,4501,5100,5332,7358,7466,newbie,5557,2315
5252,1197,that,Mizar,7793,infatuate,Jennie,clack,4832,McLaughlin
3831,5617,Acapulco,6029,329,Oedipus,8210,asymmetrically,morbid,salesgirls
sterilized,5327,232,9147,7118,1078,uncoiling,5459,Morley,8740
supervisions,2600,3613,4987,dropsy,noticing,pulverizes,4357,3191,5650
1858,2919,8902,thunderous,derides,3832,6694,5449,3557,zeppelin
southwest,5264,4018,5110,magical,3398,8721,clews,disconnection,5583
organizes,fiendishly,artificial,3169,1137,2140,5764,1860,314,gratings
1694,3134,preciously,baluster,forests,2388,8289,8956,5073,mealtime
3373,1128,945,capering,filet,moons,8366,Gamow,4927,8396
7308,1141,liberals,paralyzes,Cheyennes,3153,2943,295,33,9539
gifts,Lenny,6171,1965,6149,preshrunk,Akron,cubs,4333,8188
5992,7986,4427,1055,worldwide,7448,8395,ignition,3875,interrupt
5571,onrushing,5489,undamaged,returnees,9489,8690,wacks,4809,3689
decries,2248,1340,5105,pooled,9736,reimbursed,6779,disturbances,943
9163,1941,8064,1281,9225,1186,alphabet,7638,662,4186
espouses,6765,1903,2959,5742,heirloom,4445,coking,2720,silky
8489,7170,8662,5094,bothersome,9353,3270,8735,6776,3835
fake,6315,pericardia,7032,794,4945,sandwiching,presentation,unemployable,4584
chariots,suctioned,2594,9373,5908,4845,6874,9211,1643,retailed
stocking,Guatemalan,5446,unusable,daemon,245,accompany,mediating,fossilization,9590
9483,9974,realm,8569,thinning,4256,forewomen,506,2289,punkest
messieurs,253,prime,walking,2120,9575,spliced,Taichung,Saatchi,2814
2558,anthropocentric,7352,porcupines,militarily,7420,swastikas,7376,enumerations,sunk
7057,Raoul,7384,6786,1334,cheesing,palavers,hammerheads,9808,demographics
copy,6054,Kohinoor,3727,7667,flagellated,7597,51,sorcery,109
8967,creamy,5066,eglantine,6597,5491,accord,9143,6907,1295
preconditioned,9505,patrolling,328,5130,9265,hemorrhages,3942,Berber,7602
piercings,3315,6563,Kwanzaas,7606,recompenses,4170,8867,stimulates,9452
breadfruits,6079,96,7056,Marat,ineducable,renovations,Bridges,harvesting,1495
ablutions,Carmine,7489,warlocks,7910,7413,defame,icily,conventions,bricking
8454,5133,7944,6005,stockbroker,serapes,19,promontories,732,6885
7664,2101,shammies,4441,2064,aquamarine,sogginess,5171,5909,4472
3846,2211,Hampshire,4123,1796,depreciated,privater,7279,4467,8353
7243,8547,3577,2549,2873,1357,impressionistic,6588,978,8357
3894,Schick,2032,yapping,7472,maidenly,7252,7075,2072,gash
changelings,lazed,selves,5437,5358,41,5782,6322,2502,6511
68,4345,creaks,170,shiftless,5142,8659,doctors,3238,excepting
2408,9587,2785,doodling,sago,blend,7575,9214,9101,patsies
whitish,outmoded,6147,supped,airspace,5144,destructiveness,5865,4535,6441
trades,tumble,pesos,9063,5550,blabs,optically,staring,8730,clamors
give,nobly,unfeelingly,7557,Bolshevist,muckiest,5667,1528,7892,7069
destructible,5953,8829,blasters,6954,5394,rhizome,576,liqueurs,exact
guaranty,6851,flakier,astrology,1330,4895,5113,315,183,bestirred
Ashkhabad,7334,2512,9123,4677,vouchsafe,liken,spirit,9090,splatters
3418,crochets,8943,snowshoeing,brilliance,keyboarders,tooting,3047,sermon,hurls
5775,reunifying,9873,6976,9678,2987,2298,7731,1255,7462
Cerf,7788,8610,invading,optimists,Lepus,9261,2336,7534,folly
Annapolis,diabolically,4203,7191,1431,ani,cushions,impractical,9968,controverts
7108,4085,horseshoed,festively,Roumania,wanderlusts,notarize,568,7301,2696
4216,6659,Baathist,womanhood,4204,2243,9105,drizzling,6335,1062
339,coring,7561,9404,expeditors,9538,Copernican,9951,Beiderbecke,9944
bogey,squirrels,scraggliest,8494,transistors,682,horoscope,seemlier,6191,3972
confidences,3974,invests,sundown,begrudges,sartorial,3677,Autumn,contributor,pulpy
upon,defrauds,gas,663,8763,Boer,2905,inclusion,admitting,4114
3260,horseshoed,8840,pair,transported,tenanting,9475,8288,7842,stopwatches
2110,pertaining,overdone,Hertzsprung,dumbfound,calipering,5153,8652,4568,9838
8464,4457,transits,interchangeable,4953,7626,3328,9637,Osceola,undergone
McDonnell,1228,6131,3043,9545,preachers,burly,3560,4197,4274
7234,stereophonic,46,octaves,7194,4927,embezzling,capitulated,2197,1760
procreation,3883,bemoans,9316,2639,5520,4280,3816,adumbrated,melodramas
laudatory,6894,5151,profusion,Hilda,9272,3746,gallstone,5352,2052
Mobil,1017,9371,7211,Anaheim,7006,ameer,9279,Pa,gesticulation
5952,fording,playbills,megacycle,viburnums,7446,goatskins,4681,inaction,hosannas
1010,waived,9012,corsage,militants,Canaletto,polishers,underscored,6286,8341
8148,671,8668,lemons,2388,8028,2665,demagnetizes,kenned,6606
4211,6032,stream,virtuosi,argosies,Archibald,7529,1982,5674,1138
airliners,636,5699,marbling,banging,1959,Vassar,cassinos,maltreating,pinfeather
4119,9654,6638,8925,3154,Goodman,162,menfolk,McGee,9710
prepayments,oppression,tracks,deeded,776,8683,spilt,teensiest,9397,3393
raised,1529,descant,1927,8237,brutishly,semaphored,1483,8012,willies
7177,5202,mothers,dearth,1481,boxers,6634,8828,jibed,aardvarks
8485,8939,5202,8787,calipers,militaries,6681,743,asynchronous,turnpike
indigo,6810,1632,2669,9720,507,5380,926,4415,dilation
3261,6241,lasers,242,8335,ticket,dillydallied,imitator,5281,6670
plugging,hovercrafts,1511,adulteress,2445,1968,cataloged,isosceles,blurted,wavers
2333,6276,ravioli,9792,haring,2465,7290,singing,3729,2059
coloreds,Tutu,Ogilvy,ibis,5890,3093,genesis,undeceives,harpoons,cheers
Ives,6394,sews,5341,dork,6736,Liberia,3899,personalized,2295
lookup,4561,3060,6970,imbuing,5126,33,snugging,Watt,unspecific
3974,somnambulists,dunner,2773,calcite,3770,3342,brainwashing,Nichiren,9865
8973,handicapping,7403,317,5129,orthopaedists,1860,7943,dimness,3239
dosages,mounting,876,9643,cock,8171,anticipated,1236,1274,3646
3836,heisting,1098,3982,4392,6910,smutty,6483,3524,parapets
9357,6348,jigs,3601,7541,gaudier,nippiest,4047,oafs,1476
336,2912,lucidly,8829,3095,Aquila,3236,2634,2589,technician
3689,5142,2015,6173,Saar,Anasazi,5682,362,243,7768
5653,dolloped,preregistered,964,Selkirk,2527,4691,indecent,bevy,orientated
9078,Zimbabwe,7881,3258,7048,1553,2692,reveries,8685,overcasting
reword,dyes,6111,Diaghilev,3717,gunsmiths,moussing,2404,trollops,arbitrated
7579,7200,bluffs,pardonable,2499,3200,takeoffs,copulation,5339,titter
8792,solicit,perky,Blanchard,714,2859,interviewer,6642,3033,6319
3930,Farsi,5797,9770,2949,mortify,arachnids,5019,penetrating,fanatic
affix,1733,darkness,9266,7395,3541,4668,urinating,1487,7655
1659,discommoding,potbellies,7944,9628,approving,chalets,9151,disparages,raving
5746,sacrifice,resistances,staidly,7087,Antony,6063,8095,9654,1625
7192,chastises,coalescing,5841,snooping,3159,7668,3105,pressed,strictness
devotion,6463,612,2173,5880,9212,McVeigh,1727,3555,4008
2619,unwell,8259,5985,unlikely,5988,2222,9556,9029,superimpose
6673,371,corral,578,Stendhal,3570,catchers,3195,3079,floured
8008,366,8989,150,runway,enrapturing,8138,6784,2816,rehabilitating
Holbein,acting,486,2240,kaftans,4753,2620,528,695,9110
4283,inequalities,1874,5045,8589,2281,mansard,1838,1173,Rastafarian
4180,8373,6821,224,glittering,antique,9871,obfuscation,664,boldest
7476,8214,5860,8616,1086,pompous,8426,379,tallness,firecracker
2642,5135,5771,7274,7521,matter,victorious,1860,foiling,1832
6218,automobiles,bogging,7064,1431,3463,5291,8247,Canon,1120
7397,anachronisms,capitalism,fraudulence,1431,428,spooning,2081,9063,691
recharged,5661,1467,halls,2856,galleons,9824,fearing,Derick,697
672,formals,3105,8547,interpolate,1,anyplace,nightshades,spry,1007
8196,7481,clear,caucuses,thoroughbreds,salmonellas,potholders,1728,aspiring,5219
rejoices,3057,1710,8330,9399,3348,9508,misspent,7836,325
gs,789,7671,109,7069,3804,1183,2409,8846,bullhorns
spumes,racket,1478,5646,9869,6206,8573,7864,8449,frescoes
chutzpah,4612,moppet,6149,9262,wildernesses,2963,blip,2175,7077
newscasters,9310,8055,3057,plasterboard,Uzi,8313,4304,nonevent,8518
wellsprings,8585,outset,6721,1263,7128,2266,mono,1171,6102
irrelevancies,1741,2264,3825,ism,pancake,fostered,suspicions,1693,6248
conserve,Melton,Grable,eclipses,4959,1663,5183,misnomers,3647,salsas
3933,workbench,allays,3452,Kalb,8650,face,diabolically,5315,2454
undeceived,8638,dankness,6748,8081,6126,635,discernment,8605,7464
fondest,butterier,peregrinations,3660,9063,2023,5337,endorses,1148,burglarizing
poetry,1648,1595,disports,695,8747,3365,2670,4239,shires
2197,8213,5014,6304,6562,5823,6165,sealed,poll,bronze
9302,2856,8168,banners,2848,plummeted,2396,2567,2303,8464
5075,retraces,7927,disfavor,443,2518,7216,6210,2029,7690
9529,stratagem,6468,superconductivity,rangiest,studentships,7799,chalked,7498,sizeable
4092,2628,8040,7788,3082,5895,afloat,2887,3309,1225
Pechora,945,sties,suavest,blankest,1543,8898,builds,telecasted,3365
Telemachus,strafe,betterment,reappraised,4914,garrotting,5260,tizzies,Ungava,saucer
timberline,9473,1313,5756,7075,caulkings,trainee,9914,443,Pauling
racking,7810,7815,4305,insidiousness,mesas,lawn,1959,striven,9982
651,1245,2963,9044,5917,incongruously,objectively,7155,3488,reads
6899,6856,886,Duracell,4085,320,9905,9399,Sumner,320
1492,3225,unwittingly,8704,6949,9755,9667,decoying,859,yelled
cantatas,2780,2405,1352,1997,headstone,2557,3752,itself,2299
4217,withal,1467,locavore,8598,7339,Astoria,swarms,8216,grill
scours,8230,5727,1032,8459,newsboy,5501,6891,7274,inoculations
8192,lymphoma,1987,pistillate,eerie,5383,refunded,drawbridges,absorb,mete
lodging,avenge,2852,ragouts,4684,innuendos,5515,9970,hied,Trimurti
Guangzhou,730,3810,7398,1330,8063,7462,305,browned,7389
varieties,9863,multiples,corded,4800,7867,3068,5170,6724,figurehead
4026,7586,Danish,irreverent,8945,Eliza,abiding,3324,7125,hitters
6891,Shoshone,3015,3576,3945,7258,8767,3175,Aesculapius,7215
inserts,523,6870,7747,rightfully,5347,8617,Tishri,kneecapped,2407
2388,1547,2063,5741,8856,6827,5524,4250,4718,4427
8038,8598,7301,humming,5245,4924,2740,militarists,Sandoval,5030
unseated,1609,3873,8811,355,382,7070,slovenliest,talisman,6934
joint,Zachary,5989,3808,tanker,1922,7543,interests,brunch,3812
feebleness,participles,curators,1408,chiseler,disgracefully,9893,3389,clung,formulation
612,390,noticeboards,9715,9180,constrains,7041,7565,dachshund,correlates
8829,4858,3400,9330,6973,8206,9685,seconded,5817,evenly
largely,5027,dumbfounds,28,estates,bettors,2121,Fitzgerald,2077,reels
1523,3051,6640,steadiest,9454,fewer,2913,5941,6314,8715
Moluccas,5560,8608,dialog,Greenpeace,Davenport,1165,7057,condone,7382
grotesque,5800,ennobling,199,7989,hosannas,bordered,1184,9148,4817
6681,3535,8858,3395,6636,gnashes,9606,7913,extensions,mum
upstage,1971,5507,skiffs,5503,anchored,2012,smartphones,2353,7740
lectured,3111,harnesses,8869,326,8421,5930,2000,3521,crowned
638,chorussing,1131,immoveable,indemnifications,Barbara,7511,3502,baptizes,stows
9785,heroine,nutty,677,1760,booster,4640,5844,4717,Lassa
2284,6427,5043,demigods,4436,6088,nut,6727,workaholics,6694
4483,5280,dogs,extirpate,monogamous,Lachesis,dapperest,spoiled,jottings,7022
2229,3535,6956,5558,recliners,remonstrated,4479,4479,8887,chat
protraction,2512,9388,8730,sear,improvise,alphabetizing,5387,enfranchised,Chicagoan
2915,clavicles,5592,8411,7703,5051,4443,6715,Brexit,5406
2895,pampers,fencer,1217,1811,7037,maypole,4222,7713,splashed
973,rejoiced,setters,shifting,2612,1601,4588,liven,Tina,3806
6617,872,1264,suspensions,8683,3229,5716,6,contemplated,9898
7599,familiarizes,erratically,8770,4244,7076,dissipates,4197,sidekick,drilled
hesitantly,2694,6526,2927,lighting,5469,tofu,puke,2213,maizes
Paraguay,3102,7899,clumsily,plaits,2601,reveled,amazement,stove,4618
7256,protected,9860,Cronin,3429,2032,4129,7362,434,6690
taproots,1495,8095,bootie,dicier,hydroponics,8822,4096,117,exporters
stuccos,6537,measuring,7424,78,7202,2712,4519,incorrectness,280
1259,jockstrap,1423,1162,7524,2576,taxis,5080,numerous,wallowing
7367,prettier,towpaths,9820,trollop,necessitates,1969,9653,5335,5629
decipher,2554,despots,beekeepers,9550,727,feudal,tomboys,8000,7868
4930,consecration,penes,9428,4935,Amerindian,inquisitors,1563,fiercely,4727
3700,preponderances,modulates,develops,4906,4524,218,663,saddlebag,recentest
transcribe,Ruby,2119,pedlars,4081,2120,fruitiest,mercerize,5252,9965
7387,164,9842,coquettes,229,3993,thrilled,Ella,4727,134
7511,6253,7688,3243,explosiveness,yard,members,483,3256,844
booby,8252,293,5935,6823,ineffably,7656,1331,9236,3223
passionate,lassoing,6775,602,6245,skinflints,4840,permeable,9797,335
1053,7218,3923,Jagiellon,distributive,6702,misunderstands,9558,8192,3017
streetcars,3700,bucket,4254,9654,3072,uncontested,5662,restored,3701
9586,2041,Montenegrin,postgraduate,sixtieth,2496,1778,transistor,trees,59
sums,sweetening,rage,9642,3605,848,868,3374,7031,9815
213,35,9730,2622,4779,112,2027,submarine,paving,6990
schoolmate,9844,6380,Lean,7883,3946,gratings,2588,5853,1550
734,2095,handlebars,5100,8302,556,9545,3894,elfish,3881
worldly,handicraft,1177,1044,8200,5523,adamant,fifteenths,would,638
1904,5844,9126,5354,chile,dapples,808,carpets,3792,prioritizes
1681,orotund,glitches,raped,methodological,chillier,7154,versatile,firewater,5545
circumvent,3498,4110,1917,7236,8751,9691,Cosby,3007,6273
u,1373,8953,859,pouted,clinked,1872,stiffening,9182,4059
974,updated,2112,8769,840,6165,690,3685,dippers,fancifully
2117,tarots,8324,joyousness,belies,bailiwicks,ecosystems,1580,6481,9289
refitted,616,9906,honeymooner,3463,acknowledging,5392,952,exhibit,8966
killer,6253,413,lassies,5258,5440,unconstitutional,6855,orthopaedic,2792
arid,deplores,privatize,teazle,abrogation,7360,1963,propellent,archangels,humped
potters,amulets,invoked,taunt,9863,7638,8088,3787,7313,9739
1210,5447,parenthesizing,redounded,truly,terrifyingly,5263,143,delighting,3918
Corteses,2843,1739,9189,alleged,5678,inky,7581,1179,Longfellow
supervisors,oneness,fouling,mobility,1284,specked,2921,hysterics,2194,entwined
1702,transitted,6875,linguist,3400,1336,2923,crappier,Shriner,3834
pawpaws,covet,5874,Gdansk,6186,550,inaugurals,passion,4058,8895
7910,blues,6514,2142,6104,1636,asps,snobbiest,154,stormed
Milo,6214,2742,bothered,4155,Raffles,2768,4045,hallucinates,esthetic
unselfish,2737,3303,2988,2450,2698,kilobytes,vainglorious,4515,vanquishing
youthfulness,2184,Dumbo,6315,unless,reeves,unmaking,9451,3061,sermonizes
Treasuries,symptoms,gaffes,3810,widowing,1779,5866,sorceress,4003,flints
20,6949,superstitious,eastbound,filigreeing,ethical,5082,799,6750,withholds
freebasing,5971,aggressive,treasury,9113,8975,mambos,paragraphed,3062,5341
Baudouin,1494,spins,5605,fisticuffs,2020,9847,woe,7776,8955
insurer,varicose,contracts,kin,6938,896,8924,9235,8674,restudying
1056,whinnying,3858,3795,8680,lingerings,Fawkes,slacking,dockyards,Instamatic
3195,chic,stringier,6889,lithographs,demoniacal,moneyed,5627,5921,613
Juggernaut,marbled,2384,7060,530,1749,6193,7031,8418,304
escalation,5936,6048,idolizing,repents,propose,8077,69,touchdown,7926
sweller,shoplift,1506,3563,8384,9374,terrestrial,militarize,gut,temples
serrated,6440,2394,3957,tithing,costars,9874,635,pussyfoots,cyclists
1666,810,7317,9384,7525,pulchritude,fulled,6523,flurried,flamboyance
968,curious,7747,Norseman,1123,9360,bumpkins,shillings,1510,6996
7237,4862,7448,9570,8664,4902,534,Loren,Nebraskan,3244
9221,smothered,catechizing,pinstripe,flatfooted,vary,laryngitis,5111,9524,wilder
Fuentes,2455,excretory,Clemson,linebacker,6102,Haas,5518,registration,concede
275,Madeiras,8218,4840,4058,8848,7585,4370,8126,matriarch
9772,tempest,9964,monomaniacs,pictograph,jasmines,stickup,winnows,resounds,116
6301,2027,6507,6612,Hall,3597,9237,stupendously,burrowed,underachieving
legumes,Berenice,262,8830,6042,savages,7358,8875,senior,3534
7510,catwalks,decorum,1530,8974,1838,leggings,5732,2467,5426
5676,Kelsey,1794,jawbreaker,effectuate,5712,8892,look,8162,sledging
borderland,1378,lucked,4958,encumbrance,Elkhart,8602,2529,Judaisms,2405
therapy,multimillionaire,Case,425,gonad,2933,7032,chin,1117,3310
963,Mari,gestation,displacement,7882,4395,9161,cycled,8157,2224
9588,6490,8077,trinkets,2562,excisions,quislings,anchoring,230,9045
6993,3171,7033,wackest,pericardiums,Renaissance,sandman,reupholster,4444,3163
773,3101,6794,archaic,reckless,2398,4496,jollier,untangled,1371
Eskimos,biennially,4034,tubed,immerses,ashy,unemployable,9356,6336,esophagus
mutilation,wreathed,rostrum,harrying,4273,375,1333,venerable,3376,7633
2299,1572,9669,prettified,5905,rental,6656,assurances,tails,1158
unsatisfying,3994,repelling,7652,9975,packaged,geegaws,8087,Ines,8598
jerkily,3484,visaed,9861,2599,6558,2904,teensiest,6386,steeplejacks
6625,Tiber,7946,8544,9567,5422,pillory,gratifies,3093,8819
narrowness,1763,laundered,lordliest,3992,9345,verdicts,9759,5185,8603
execrates,8453,5741,leatherneck,4394,5947,bedbugs,novelettes,spatting,petrified
5972,8758,prince,blithest,8593,7202,1176,slovenliness,6905,7429
Maiman,2319,interpolation,serenades,2522,8030,7160,forethought,7315,boardroom
9675,gnats,8298,8663,9003,8590,1371,2658,4010,5842
8452,5011,9409,4965,6201,tutor,373,4041,5793,5571
6770,declination,555,3747,6434,9692,doddered,5608,9517,7146
3307,3760,6183,962,assay,7852,reprogramming,1172,3637,8977
7513,5882,preservative,inception,5118,9893,jeer,9433,longboats,trotter
1729,8819,7713,2656,disappointed,3591,jangling,tacking,puritanically,5740
4197,9679,346,athletes,overturns,528,1136,9351,7853,2172
1399,Doritos,4331,8292,9228,2079,3175,expatiates,flog,laughter
Burgundies,4783,982,2988,7534,1379,3312,Wollstonecraft,polish,insinuation
eastward,3844,6444,larch,celebrations,7644,424,7799,2829,blotting
antidepressant,fixating,9237,9039,Louella,9547,6521,4352,snazzier,1506
480,7838,4421,8776,2048,sufferer,expressionist,encampments,2994,assholes
5932,cognizant,resents,poring,monotone,9969,Gena,9047,3850,miserliness
6749,1633,7645,3803,8688,9067,3982,affair,yardages,rookie
1317,2421,6651,5308,1336,1552,1430,4585,privet,inspect
6610,8514,3596,4949,6397,terribly,remaindered,Sunbeam,Steubenville,249
expeditiously,8525,Baku,pearling,8111,4403,6506,stormiest,7367,3942
6111,chanter,extraction,9213,lasciviousness,hallucinogen,adjoins,8524,sniffing,7323
2513,7468,7157,4931,waste,smooches,magicians,plebiscite,humiliation,644
8598,unsanitary,elaborately,2042,edified,491,rivetted,2913,inflammations,gains
9952,toads,Chuck,7035,fleetest,7358,premiers,2801,superscripts,9248
6610,1532,predominance,pauperizing,Jules,1869,1781,buttock,oversaw,alone
fluctuates,woven,floured,1118,4406,8639,8497,5926,4477,7366
3265,9928,263,preceding,8288,phonemic,madmen,paunchiest,2354,9938
5238,canters,margarita,9478,7124,metabolic,1600,9543,Franklin,5861
underwear,410,2633,2447,undulate,1291,alluvial,3984,5711,coincidental
7109,2270,inspired,spinnaker,5097,bivouacked,streets,displacements,5876,6210
smuggest,4584,8569,8666,238,rigmarole,8174,Nikolayev,undermined,3116
9817,disarming,1380,3587,9964,5652,lateralling,3846,6752,calculus
scratchiest,1782,gunning,2306,4328,8906,vizier,5948,6172,revoke
gouge,4831,6499,9752,5430,transfixing,1179,visualizing,deathtraps,9653
conduces,3903,dictator,dynasties,contralto,2332,6276,7255,9481,6503
6275,gamuts,9357,886,8371,animating,8365,9030,artfully,gentlefolk
5867,gamblers,7052,arrowroot,mountebanks,categories,4469,7519,5075,7410
2534,fatuousness,1195,episcopate,wholesalers,7343,fining,plowshare,Ptolemies,9063
dreams,3185,tire,endorsing,987,contuse,spearheads,3155,8315,9982
2928,ecumenically,3536,peafowl,5214,euros,6798,shanghaiing,8512,envelope
9934,slopped,Jewel,1243,8217,2261,8182,7584,mongering,break
8893,Marquita,340,1073,1172,7121,2460,briskets,2935,379
5653,7,8502,5369,beasts,promised,8246,agates,2021,sullies
hectors,7782,4472,5017,inveigh,mainframe,6106,dissimilarities,2894,3425
7994,crazily,9379,suits,diffusely,2516,discolors,3707,teasel,987
choicest,soulless,2279,8056,6450,5001,meows,6928,congratulate,slum
4690,8624,5590,convexity,ailment,way,4352,strainer,8730,126
outstation,Nanchang,9240,1263,3808,willies,repelled,7381,unacceptable,mandible
prophets,4397,anesthetics,4971,7450,4653,3157,Woodland,spareribs,imperturbably
8541,imperiously,defame,clarinettist,sharkskin,notified,limousines,7835,confirmed,1
sandwich,2579,looneyies,9839,8689,7177,basting,fainter,8124,infrequently
3910,1452,Cambodia,Pottawatomie,2424,183,6252,1143,863,2362
102,6797,stuns,2468,437,362,Treasury,5588,2001,pollinate
endeavored,poppas,802,9084,strawberries,antiqued,9217,7876,demoed,7829
8625,burgers,7477,859,9292,lovingly,5799,1767,Persia,3075
barbeque,1397,anapests,heaping,unifying,7039,2296,sackful,bladders,tab
7866,8248,1924,checkout,modified,2133,8956,2237,dithering,distils
carnal,printer,abaft,9287,5672,hash,6897,1923,5768,ballyhoos
8779,heretical,6889,6796,7085,8499,1291,legion,8939,106
7856,jangled,refreshments,6801,8714,pare,4811,4989,4913,8623
innings,7448,9073,4846,5790,propitiating,subservient,priced,3714,8567
amputated,researchers,sharable,phrased,ay,unmake,563,9472,689,9161
7021,2097,266,panthers,7293,3615,plurality,Wisconsin,7908,8752
6041,6313,6399,abaci,brig,7617,9910,incubators,disestablishes,533
5039,Roddenberry,Siberia,aroused,twinkled,5960,6953,overdraw,3486,grouches
reflector,zigzagging,7077,3282,unities,repairman,lambast,8028,emends,5199
bivalves,dispatch,5455,4459,motes,6303,5828,4292,3609,6311
2343,trivializes,3808,driveling,2538,dowses,2093,deriding,demount,televises
1362,betided,festive,8233,9332,8876,6962,2357,censuring,1940
rustiest,553,overwhelmingly,7349,4304,5594,2667,pi,6554,9951
7808,sarcophaguses,1159,assemblage,4841,157,3710,205,6863,581
farmer,3350,62,7699,Georgia,vomiting,mimic,4066,2028,hijacking
3285,anyway,9061,encirclement,Trondheim,5727,1252,6548,3519,bugled
concurs,1052,niter,3485,397,7894,4886,8681,drabber,1755
62,6720,2585,6161,831,6367,2270,Steadicam,4246,5069
984,barometers,4000,4194,6876,7107,featheriest,gallantly,Langland,python
5585,retweet,quarts,3149,5695,7902,untrustworthy,6786,brimful,volley
3903,4450,502,madrasahs,7119,4714,demonstrations,4109,Finland,dates
Brasilia,Vivienne,960,1031,2589,8960,2750,7022,3806,bisect
3523,Zedekiah,2253,crawlspace,Honolulu,7008,woof,516,1002,9946
6471,Loki,7265,Walloon,1408,8346,5367,7091,2857,9756
fronted,8931,7832,house,139,aristocracies,7995,8461,ritualism,2419
2558,protuberances,9795,1242,4643,nonliving,scarifying,9509,3785,mattes
7801,6561,unknowns,least,3107,1150,9512,5138,1484,9773
337,berths,5201,1769,leitmotif,gig,6962,discontinuing,5583,6181
floodlit,4233,4020,previously,3849,overhung,7832,9107,9579,2671
9741,5032,epithet,7469,exposes,phoneyed,416,rigorous,194,5532
9560,7371,728,Lance,seemed,6490,4259,8797,5029,revokable
580,6766,6781,5091,53,4149,payee,2363,womanize,inequality
9625,6594,5471,6515,2483,2588,2538,9533,263,2113
2439,allergic,6568,9276,paralysis,glassware,1545,8416,426,4387
1878,3563,stylizes,unhurt,7807,2766,7862,reciprocation,allying,2319
3290,2148,unknowns,boondocks,7593,501,7459,rationalist,8244,1385
android,786,4884,quaver,kiosks,typographic,flexed,slid,2540,7100
slumlord,9011,964,631,surrounded,4880,4293,910,4072,Danville
verdigris,6700,9322,8539,1118,Pontiac,jumble,peculiar,7388,3682
literally,halyard,5092,Sallust,3060,biplanes,1155,7656,4806,128
6228,subsistence,5117,Tums,wrens,Letterman,subsiding,folksy,1427,roistered
6481,8658,specked,5531,gazetteers,heeling,3384,6781,Danielle,8175
7484,nightclubbed,liquefies,8721,4259,1097,4001,1114,1732,4915
2462,room,9313,8770,7966,lengthened,5299,5435,grandad,5620
3378,660,hardener,6382,1677,6968,muumuus,8691,seclude,6083
5913,6367,3600,5805,7385,Magritte,gestating,981,tricolors,4731
984,9675,6686,9308,550,4894,standbys,3115,agings,renews
7437,Hasbro,noncoms,pimple,cordon,pitched,fabricates,interminable,4879,4848
brews,master,4513,abstractedly,kid,3779,1695,brunches,8890,dorky
plunger,4206,canoes,998,2956,6898,impetuously,imprisoning,Ukrainian,4410
2118,3619,magic,regroup,3967,preferment,1605,bulling,5148,Georges
5580,cove,6059,9765,abate,1419,2976,8363,multiracial,4595
globules,argon,3088,2903,funereally,worshipping,Judases,pierces,3377,9894
4614,mosquitos,1589,8279,navy,2081,9523,Islamism,barber,5235
glow,reproofing,pockets,8728,5967,7476,8129,officials,Gilroy,7908
1527,1617,4307,vinaigrette,1659,parboils,6647,prigs,2337,7443
7244,bisector,slain,3835,4695,tarragon,5290,1905,slackness,5851
valedictory,flattop,4508,encored,6259,4923,Trey,9275,5470,quack
blimp,poetry,babes,calabashes,5062,fixated,Israelite,1863,5195,3925
204,beached,cuddling,limpness,6501,1098,7499,detaching,returnables,3115
flooding,4186,6172,196,3475,majesties,7140,5407,motivations,pulverization
ratifying,4642,8260,1127,militancy,6842,interplay,4194,hints,1354
glittering,3020,9217,scarabs,2010,428,7939,144,5563,4239
efface,8571,7645,1652,2634,Swazi,incapacitated,trellises,4212,trappers
Episcopalians,piling,scrubbers,872,6447,7373,1346,Wise,cabled,windsocks
9859,8862,snuggle,dome,2984,Apollinaire,7333,2131,apron,Stuyvesant
2000,9036,2710,7328,6644,4578,9297,8511,2001,9420
quantifiers,aircraft,categorizations,9744,7903,5111,388,jingle,perambulating,pats
reawakens,stork,9069,caterers,solvent,4035,infatuate,1475,8582,sources
floss,Dzungaria,5338,wringer,esquire,dandies,3261,3156,5366,9543
9929,scuppering,2544,fortissimo,7542,imprudence,mortuary,9356,622,4638
8895,dB,6076,sad,sincerer,8915,4441,5794,squattest,5769
7030,privets,anonymous,hesitations,recommended,arrayed,cupfuls,3967,graduated,3021
smugger,4854,baldest,hydroelectric,Hammerstein,781,2577,unbranded,247,7251
1713,mason,8268,5683,gryphon,milieus,5300,1455,5667,3407
3443,wedlock,Maoisms,1543,7149,2611,1162,siren,1229,7876
accrediting,4569,6877,reassesses,4333,8066,spotter,9367,1862,4706
3809,canals,1683,2150,3355,allocate,8089,1645,contenders,2979
8674,boosted,769,718,6373,Seville,unto,uncut,refinery,7545
7110,bagginess,6806,asphyxia,6139,DynamoDB,8323,layette,8188,apologizes
Saskatoon,respecting,5404,8304,boons,vouchers,6189,stopcocks,modifier,squall
slighted,3259,sepals,1445,1590,9267,8691,Odis,9089,candid
plectra,lactate,8870,nondescript,9364,1208,1102,4446,4912,3440
indisposed,2454,1680,3796,waists,8020,5094,3727,exorcised,635
teletypes,5261,basalt,7678,4755,8801,Gerardo,Waldo,3089,8419
7543,floated,6937,7228,3130,collations,5489,9184,6491,draftier
9890,5823,4085,6248,nonpolluting,8508,9174,5962,carbine,8255
6473,3140,iterated,9926,Eroses,985,medley,consults,rioted,Gethsemane
4319,vibrations,dubiousness,3380,subsist,6100,hectare,pantheism,wake,5510
3513,4604,4064,4796,4292,interplay,654,6610,spunkier,777
6140,disavow,5105,1722,8818,5286,bars,4183,constabularies,Bishop
maximally,sneered,deafened,Brahmaputra,9475,leasing,6068,Byzantines,titbits,Venezuela
diets,Maryann,parboil,6113,8687,unsuited,6244,500,3385,9546
5601,9760,subjoining,6015,Lyman,1770,9642,305,6547,4908
desertions,handing,lodged,nonvoting,4553,countless,fuck,encumber,6377,8305
407,examined,7923,Hornblower,2585,bashed,ran,Hadar,compression,conquistadores
borrows,6285,7575,964,1217,peal,productive,790,7716,ware
corseted,forthwith,4759,trollies,jackals,3798,4642,3391,7951,machinations
goners,8750,9332,perpendicular,8735,1774,3486,Plato,uneasily,arrogate
2442,dipsomaniac,9883,9197,3474,3051,Marvin,4522,1323,948
9171,8898,1986,military,compartment,4230,eventually,pilaff,syndromes,8089
fulfils,Shockley,retraced,1871,9937,3998,impression,5821,confectionery,executor
4870,616,Marquita,6887,4474,3727,ridgepoles,259,2891,7697
grants,5583,4573,divans,3665,7031,beaming,1230,4496,923
impaired,7298,floods,Zamboni,concierges,3363,2749,2330,5857,7350
2152,2687,4114,5660,1698,Taiwan,colloquia,2301,4899,8336
9372,peeled,3150,7036,advisor,3443,2822,Ashmolean,9342,1844
9141,Minoans,heroins,1788,6882,9574,tonsillectomy,5087,ghostwritten,dozing
saturation,cheesiest,9038,collecting,doormat,7595,3602,8368,9559,retreats
hindsight,6047,5250,4433,monastic,2213,Rodriguez,2266,riskier,transfigured
haltering,subtitling,virginals,stripling,appraises,2827,jaunts,3423,1796,4713
4365,frankincense,557,earners,inefficiency,slaughterhouse,litmus,7975,scandals,knobs
sent,rascals,mannequin,replenished,691,bloc,8659,portliest,1835,5364
2472,2536,synchronized,Sudanese,sandbars,Tammuz,4462,2962,Francesca,watches
gulls,refugee,4165,345,3556,madmen,Nevada,4874,1359,laudable
ties,frowzier,3564,mechanized,overcrowds,5245,wholehearted,7678,agings,Timurid
4597,1778,verbenas,9091,slip,3647,encompasses,3574,Perl,abut
8982,walloped,4011,3038,8408,snakiest,7315,3550,7582,spectators
birthers,fragrance,8283,3809,predicates,procure,agony,undresses,7112,770
yapped,7986,6558,Corfu,Robles,42,nutcrackers,7365,6812,centrifuged
Guayaquil,5555,3400,1765,4437,7929,2040,mine,4982,8549
8224,2511,2417,bowdlerizes,9771,disproved,5598,1253,3086,7306
7103,Glass,1502,commands,2063,9149,2254,6846,grubbed,1389
oversupplies,436,Rouault,6407,3760,3961,5851,clothier,716,arranges
5131,9032,586,4307,8187,banishes,3356,6051,4926,faithfully
5926,warranties,Ukrainian,2497,9240,2446,breweries,9678,dogwoods,8968
5862,1038,Thracian,unlacing,9173,4266,6891,4566,5007,3118
8825,8009,1309,voicemails,529,991,conquerors,9166,ambushing,hypercritically
5147,297,9448,intelligibility,2999,7510,jumbos,denature,Noble,5072
8514,squirrelled,Mae,overwhelmed,polling,9918,3030,9281,attractions,hafnium
6797,7816,mealy,9354,7427,639,shuttles,1226,1707,2927
4484,desiccate,2912,rheumy,3329,disreputable,3332,4003,nestling,Clearasil
1110,122,940,6366,3432,3755,confinements,1931,4517,Diann
bebop,demoralizing,3380,7067,socked,2553,undulation,9367,798,upturns
slouchy,8987,6431,leek,4075,4767,3830,2531,naturalistic,427
plushiest,6793,wildebeests,oracle,unpins,1149,pianists,9079,dreads,2497
4969,justifiably,7875,162,9141,4915,tug,sanctuary,183,2749
tousle,2436,2269,loggerheads,cabinetmakers,mercifully,9275,3559,kindergartens,waterbeds
3921,7450,2655,2810,2920,sly,deletion,reediest,ail,1208
6754,218,912,264,9071,9810,5245,shepherdesses,6068,connoisseurs
5428,8899,8428,6368,6968,5412,9032,2032,collectivism,6817
7266,Velez,priestliest,6122,665,649,goaltenders,6378,bellyache,disregarded
3970,5235,Booker,3229,580,contributed,150,6131,8655,7155
5257,245,birdwatcher,7620,1991,mugginess,5236,1955,teleconference,1544
3581,9543,2065,edifices,5007,finding,railed,erection,2511,imperfects
5919,Fabian,palpitating,2830,8877,2086,5504,hoed,piggishness,2525
5942,1731,wasting,providential,intolerance,patients,7391,1623,300,gypped
foresting,cast,fondest,9809,Petrarch,1368,7662,2068,typecasting,3021
156,9717,6344,3145,7014,Dutchman,9703,9123,1653,1313
stewed,discontents,Janus,8757,flicker,3691,preoccupy,Caligula,6607,slimmer
logistic,2289,swiping,fluctuate,9542,621,9650,scones,1828,0
composure,inarticulate,4149,5859,449,Shawna,sac,tinderboxes,8993,2555
mosey,9066,711,older,5808,2762,2006,1416,stonily,twittering
millennial,airmailed,5174,singsonged,9014,3507,calved,5972,8491,1372
prefixing,370,coffee,366,2642,3027,4682,2213,892,4493
factually,tipplers,trilaterals,draftiest,8148,fleecy,honing,6279,1557,8218
8054,423,2258,declining,equivocated,4412,7630,harp,439,reawakening
landowner,846,subtropical,yellowing,9775,4840,2221,850,9468,tames
502,merrymaking,6206,2248,adapt,6827,327,389,2971,photographed
jointly,2997,6669,7073,6159,7021,7500,8215,expatiate,2117
8616,tasting,kidnaped,woolier,8897,8874,smocking,4086,workingmen,8042
indulgent,crouching,fervidly,objections,obscured,4461,5652,2133,2055,1153
jeopardizes,sacredly,1872,2377,inflated,lazed,8801,9188,9368,6790
minefields,officiates,3201,7067,6274,2616,7102,garishness,59,escorts
5477,8394,hawker,Rowland,3164,merciless,inveigh,3650,3780,2855
4546,7885,resignedly,1530,rigamarole,9245,Jesse,sedan,8142,5260
Waterbury,Weierstrass,4997,underpays,4418,5462,philosophy,5485,9748,stallion
4262,2926,3854,cornering,749,9160,6372,2322,sprigs,cheroot
2581,5337,4889,425,Grady,710,1454,1783,triads,3912
romaine,overslept,7353,gingko,antennae,shameful,upwards,testified,5570,sacrificing
4020,9176,436,2179,4990,1020,5440,346,7070,3385
1194,4595,9623,6385,2682,7959,1338,shockproof,Rasta,5737
5675,8353,724,1351,1630,272,4771,860,repulsively,whitewall
5634,preferment,sprout,bighorns,2982,1520,6862,4090,welcomed,Agamemnon
7312,461,eighties,legislatures,1906,8420,swarming,9731,1500,cries
escaroles,magnesia,5423,3822,9346,springier,sorrowed,naps,Q,5883
signifies,wining,2985,rated,2635,9129,Ayurveda,2393,soundtracks,silenced
Marriott,4076,1085,9673,7370,3810,fiddling,enhancer,1248,9823
6356,5052,freebies,tartans,troupers,3016,8233,6028,broader,urgently
Scopes,9819,acclimatizes,2380,9025,735,5015,khans,3004,3063
4851,1941,exempting,1572,goofs,5504,1369,reveille,nonpareil,8651
potty,2069,6806,4850,3184,6818,8980,3441,hibernating,overturns
780,dropouts,Birkenstock,coexistence,6858,831,thicket,7644,9913,6540
5410,7535,172,Ray,1917,2564,9053,7955,adjoined,7613
9613,multimillionaires,679,brilliants,5171,toolbox,typesetters,Sullivan,convalescences,7932
risked,fugitive,sousing,8816,missives,9579,2519,9563,2246,2234
6343,eh,6350,mascot,judiciary,144,avoidable,4980,6267,limn
intimately,Redshift,axed,soapier,9852,impression,6909,9341,lyricists,moratoria
8893,2824,6438,impair,intimidate,1921,phlegm,nutting,piggybacking,7623
1465,Addams,7179,abetters,7005,9301,bricked,smelt,4236,Lynn
8341,6731,2911,5049,convergence,1031,8620,4929,4778,abuse
5760,1886,Frisbee,1731,833,literary,Ohioans,Daimler,teethe,retiree
9327,5412,Nike,4218,2305,9432,472,9060,desultory,shariah
2310,crassest,4557,3878,5739,bulldozed,6528,entombed,2648,2850
bethinks,905,dumpier,7687,jibed,gladdened,newness,helplessness,9616,reconquered
102,8936,5208,monetarism,9144,3969,2422,Jacobs,4331,3016
asterisking,2792,418,6211,hurdle,Fugger,6861,desegregated,7399,2128
9452,2322,hawkish,9852,overuses,2961,unadvised,Aristides,persuades,lyrics
595,6953,misrepresenting,leewards,1728,proscribes,2917,lapse,6545,mechanized
6073,Lilia,4693,choristers,intravenously,6988,6763,clanks,3705,hauled
windjammer,sicking,2712,imbeds,Hanover,7718,walking,Philippe,hypochondriacs,5772
410,alms,detoxes,1750,7512,1732,3214,118,8097,2318
Mazama,61,4186,cooperatives,642,imperfect,4089,1381,3002,5775
9848,628,1164,3157,cuckoos,84,sporran,cruxes,aficionados,6017
679,seamiest,vindicator,4769,upstarts,propagandizing,7418,thorax,9649,1669
8580,Lars,continued,assistants,bucolic,1406,oceanic,handbags,transitional,poetic
retrieve,kebob,Amharic,5060,650,6587,5681,4097,2371,anticlimax
3702,elaborates,outpost,8329,8185,6457,1436,6557,8041,3154
diverts,9637,occasioned,eligibility,Cid,permit,entombing,involvements,magma,5079
bullshitting,7571,3293,preponderances,5930,2018,5891,3181,7015,6128
8704,pesticides,7490,3362,9362,lubing,1883,449,6844,7432
sixes,anaemia,Belushi,proctors,3099,9740,7679,2041,1881,wangle
2479,dammed,8926,government,4216,6398,licensing,6344,6984,8643
sidelights,4506,2367,8673,deepens,6913,tons,5477,7303,enjoined
labial,fliest,demagogs,3613,pancake,8768,imbues,2309,2991,controversy
6313,depths,mossier,2894,5565,8560,6068,502,7107,beau
2364,98,trouncing,5056,2600,Makarios,725,indebtedness,4820,2
1668,3523,dimensional,3490,778,4329,3241,4815,Li,1002
735,fetich,Macias,7238,9431,3417,2297,9106,erupt,4588
9266,theologians,3594,excels,8533,snickers,8645,8874,workmanship,Alfreda
play,1399,cultural,drubbed,destructible,4648,disports,3376,bobsleds,1129
4729,8967,helix,vigilantly,5576,4156,5176,chickadee,8901,8674
southerns,1873,523,dispel,1375,foreshortening,3711,bung,switcher,4031
3013,archetypes,binocular,4840,1492,5818,9891,stylist,345,3651
90,9846,5614,785,6759,Judea,6394,5939,numeracy,2190
7823,2193,8291,1125,7892,7800,emboldened,ceremonious,dietaries,3143
justifiable,indoors,offshoots,7449,8578,strenuously,Centaurus,positives,9775,351
mahatma,1396,centered,7238,8514,6509,8314,omegas,prosperously,lounging
4297,9267,5128,novella,2885,5077,3569,3744,4793,543
2357,3120,median,6283,flusters,9401,6517,5316,vaunting,piecemeal
7009,2094,101,3783,201,5732,7391,4066,telltale,3426
1222,gaberdine,5895,9090,nontransferable,denting,1004,prop,sanctity,skywriter
underdogs,Bjork,9338,1381,1387,demo,1471,381,4567,Montenegro
2052,dissimulates,jaguar,toast,5698,fornication,dysfunctions,polios,product,5843
474,7401,7177,herbs,names,3343,1100,4706,undesirability,3182
lowlands,1039,2811,9007,puddings,2161,6652,7092,Sennacherib,9231
900,8756,perfidious,3390,Rush,kopek,Versailles,6504,4925,forebodings
Russians,bitters,Brunelleschi,Moloch,4182,8797,harvester,apprentices,4055,7974
9539,188,pledge,abnegated,certifiable,6041,storerooms,6305,2822,ineffable
9636,Robbin,9497,5932,347,6572,3524,pooled,7929,cockade
